Time,User,Tweet
2022-04-23 10:30:15+00:00,Lenovo India,"Lenovo Eye Care protects your eyes from excessive blue light, while you work or study, keeping them safe via Lenovo‚Ä¶ https://t.co/scQ5ovmkoV"
2022-04-23 09:30:01+00:00,Lenovo India,"Look closely and see if you can spot the subtle differences. üòè

#Yoga9i  #Lenovo https://t.co/KpLo5b6Qq6"
2022-04-23 08:42:06+00:00,PMO India,The Governor of Andhra Pradesh Shri Biswa Bhusan Harichandan called on PM @narendramodi. https://t.co/1IJipEHnxO
2022-04-23 08:30:02+00:00,Lenovo India,Lenovo is proud of their partnership with @AgastyaOrg and happy to be able to contribute to the growth of bright st‚Ä¶ https://t.co/sWp2FMnicq
2022-04-23 08:19:11+00:00,Aquib,"Why there is no effort to make web browsing keyboard friendly ?!
Taking hands of your keyboard again and again sucks...!"
2022-04-23 07:39:09+00:00,PMO India,"Shri @ChouhanShivraj, CM of Madhya Pradesh called on PM @narendramodi. @CMMadhyaPradesh https://t.co/XUT3kYWjPf"
2022-04-23 07:35:56+00:00,Narendra Modi,"Met MP CM Shri @ChouhanShivraj Ji, who discussed the good governance initiatives of the MP Government and how their‚Ä¶ https://t.co/w2i3pc6tlN"
2022-04-23 06:30:01+00:00,Lenovo India,It‚Äôs ‚Äúbinging cringe shows on your Tab day‚Äù today! Grab your favorite snacks let‚Äôs start! ü•∞
2022-04-23 02:30:00+00:00,Sharad Pawar,"‡§™‡•Å‡§∏‡•ç‡§§‡§ï‡•á ‡§Ü‡§™‡§≤‡•ç‡§Ø‡§æ ‡§Ü‡§Ø‡•Å‡§∑‡•ç‡§Ø‡§æ‡§§ ‡§â‡§§‡•ç‡§ï‡•É‡§∑‡•ç‡§ü ‡§∏‡§≤‡•ç‡§≤‡§æ‡§ó‡§æ‡§∞‡§æ‡§ö‡•á ‡§ï‡§æ‡§Æ ‡§ï‡§∞‡§§ ‡§Ö‡§∏‡§§‡§æ‡§§. ‡§∏‡§¶‡•à‡§µ ‡§∏‡§æ‡§• ‡§¶‡•á‡§£‡§æ‡§±‡•ç‡§Ø‡§æ, ‡§ú‡•ç‡§û‡§æ‡§® ‡§¶‡•á‡§£‡§æ‡§±‡•ç‡§Ø‡§æ ‡§™‡•Å‡§∏‡•ç‡§§‡§ï‡§æ‡§Ç‡§ö‡•á ‡§∏‡•ç‡§•‡§æ‡§® ‡§Ü‡§™‚Ä¶ https://t.co/HFet7Q1Zok"
2022-04-22 21:16:18+00:00,Android,"RT @Google: #EarthDay is a chance to focus on building a more sustainable future. Let‚Äôs take a look at our cities, oceans and forests using‚Ä¶"
2022-04-22 17:00:13+00:00,Lenovo India,"Wind down with ease at night. üåö
Do more with a single command: turn off the lights, lock the doors, play some relax‚Ä¶ https://t.co/96mXkWT1Pq"
2022-04-22 14:00:15+00:00,Windows,Wishing you a Happy #EarthDay with some backgrounds that represent the places we love. https://t.co/W5lmsPxq6b
2022-04-22 13:48:45+00:00,Narendra Modi,PM @BorisJohnson and I spoke about the reforms in India and the investment opportunities they bring. We also had de‚Ä¶ https://t.co/MnEGU7Sq7P
2022-04-22 13:48:08+00:00,Narendra Modi,My talks with PM @BorisJohnson were wide-ranging and productive. We took stock of the ground covered in the India-U‚Ä¶ https://t.co/yAgbECxQuk
2022-04-22 12:02:23+00:00,JavaScript Mastery,"THE NEW VIDEO IS NOW LIVE!üî• 

Every web developer needs to know how to build an ECommerce Web Shop Application. 

L‚Ä¶ https://t.co/2LOAQXmpLX"
2022-04-22 11:48:37+00:00,Sharad Pawar,"‡§∏‡§Ç‡§Æ‡•á‡§≤‡§®‡§æ‡§ö‡•á ‡§Ü‡§Ø‡•ã‡§ú‡§ï, ‡§∏‡§æ‡§π‡§ø‡§§‡•ç‡§Ø‡§ø‡§ï, ‡§™‡•ç‡§∞‡§ï‡§æ‡§∂‡§ï, ‡§∏‡§Æ‡§®‡•ç‡§µ‡§Ø‡§ï, ‡§Æ‡§π‡§æ‡§Æ‡§Ç‡§°‡§≥‡§æ‡§ö‡•á ‡§™‡§¶‡§æ‡§ß‡§ø‡§ï‡§æ‡§∞‡•Ä ‡§Ü‡§£‡§ø ‡§∏‡§æ‡§π‡§ø‡§§‡•ç‡§Ø ‡§∞‡§∏‡§ø‡§ï‡§æ‡§Ç‡§®‡§æ ‡§∏‡§Ç‡§Æ‡•á‡§≤‡§®‡§æ‡§ö‡•ç‡§Ø‡§æ ‡§Ø‡§∂‡§∏‡•ç‡§µ‡•Ä‡§§‡•á‡§∏‡§æ‡§†‡•Ä ‡§Æ‡§æ‚Ä¶ https://t.co/LP1wG0UzZ0"
2022-04-22 11:48:22+00:00,Sharad Pawar,"‡§∏‡§æ‡§π‡§ø‡§§‡•ç‡§Ø ‡§∏‡§Ç‡§Æ‡•á‡§≤‡§®‡§æ‡§ö‡§æ ‡§π‡•á‡§§‡•Ç ‡§µ‡§ø‡§ö‡§æ‡§∞‡§æ‡§Ç‡§ö‡•á ‡§Ö‡§≠‡§ø‡§∏‡§∞‡§£ ‡§Ü‡§£‡§ø ‡§ú‡§® ‡§ú‡§æ‡§ó‡§∞‡§£ ‡§π‡§æ ‡§¶‡•á‡§ñ‡•Ä‡§≤ ‡§Ö‡§∏‡§§‡•ã. ‡§Ø‡§æ ‡§∏‡§æ‡§π‡§ø‡§§‡•ç‡§Ø ‡§∏‡§Ç‡§Æ‡•á‡§≤‡§®‡§æ‡§§ ‡§Ö‡§®‡•á‡§ï ‡§µ‡§æ‡§¶-‡§™‡§∞‡§ø‡§∏‡§Ç‡§µ‡§æ‡§¶ ‡§∞‡§Ç‡§ó‡§§‡•Ä‡§≤,‚Ä¶ https://t.co/ZHD07ccQsL"
2022-04-22 11:47:56+00:00,Sharad Pawar,"‡§Ü‡§™‡§≤‡•ç‡§Ø‡§æ ‡§∏‡•ç‡§µ‡§∞‡•ç‡§ó‡•Ä‡§Ø ‡§Ü‡§µ‡§æ‡§ú‡§æ‡§®‡•á ‡§∏‡§Ç‡§™‡•Ç‡§∞‡•ç‡§£ ‡§ú‡§ó‡§æ‡§≤‡§æ ‡§Æ‡§Ç‡§§‡•ç‡§∞‡§Æ‡•Å‡§ó‡•ç‡§ß ‡§ï‡§∞‡§£‡§æ‡§±‡•ç‡§Ø‡§æ, ‡§∏‡§Ç‡§ó‡•Ä‡§§ ‡§µ‡§ø‡§∂‡•ç‡§µ‡§æ‡§§ ‡§Ö‡§ú‡§∞‡§æ‡§Æ‡§∞ ‡§ù‡§æ‡§≤‡•á‡§≤‡•ç‡§Ø‡§æ ‡§∏‡•ç‡§µ‡§∞‡§∏‡§Æ‡•ç‡§∞‡§æ‡§ú‡•ç‡§û‡•Ä ‡§≤‡§§‡§æ‡§¶‡•Ä‡§¶‡•Ä‡§Ç‡§ö‡•á‚Ä¶ https://t.co/mDix7OXAYX"
2022-04-22 11:47:27+00:00,Sharad Pawar,‡§Ü‡§ú ‡•Ø‡•´ ‡§µ‡•ç‡§Ø‡§æ ‡§Ö‡§ñ‡§ø‡§≤ ‡§≠‡§æ‡§∞‡§§‡•Ä‡§Ø ‡§∏‡§æ‡§π‡§ø‡§§‡•ç‡§Ø ‡§∏‡§Ç‡§Æ‡•á‡§≤‡§®‡§æ‡§ö‡§æ ‡§â‡§¶‡•ç‡§ò‡§æ‡§ü‡§ï ‡§Æ‡•ç‡§π‡§£‡•Ç‡§® ‡§â‡§¶‡§ó‡•Ä‡§∞ ‡§Ø‡•á‡§•‡•á ‡§â‡§™‡§∏‡•ç‡§•‡§ø‡§§ ‡§∞‡§æ‡§π‡§§‡§æ‡§®‡§æ ‡§Ö‡§§‡•ç‡§Ø‡§Ç‡§§ ‡§Ü‡§®‡§Ç‡§¶ ‡§ù‡§æ‡§≤‡§æ.‚Ä¶ https://t.co/sGWS4Y16mj
